id;titulo;genero;sinopsis;director_id;
6;Un amor contra viento y marea;Comedia;'Los Singh son una familia india con grandes convicciones culturales de su nación de origen, que emigraron a Reino Unido antes de nacer sus primeros hijos. Uno de ellos querrá casarse con una mujer ajena a su cultura y para ello deberá hacer todos los esfuerzos por convencer a su familia.';1;6
17;Los siete samuráis;Acción;'Una banda de forajidos atemorizan a los habitantes de un pequeño pueblo, saqueándolos periódicamente sin piedad. Para repeler estos ataques, los aldeanos deciden contratar a mercenarios. Finalmente, consiguen los servicios de 7 guerreros, 7 samurais dispuestos a defenderlos a cambio, tan solo, de cobijo y comida.';2;17
63;Vivir;Drama;"'Kanji Watanabe es un viejo funcionario público que arrastra una vida monótona y gris; sin embargo, no es consciente del vacío de su existencia hasta que le diagnostican un cáncer incurable. Con la certeza de que el fin de sus días se acerca, surge en él la necesidad de buscarle un sentido a la vida. Y cuando lo consigue se produce un cambio radical en su actitud respecto a los demás.'";2;63
64;El infierno del odio;Crimen;'En un momento crucial de su vida financiera, Gondo, un hombre de negocios, recibe la noticia de que su hijo ha sido secuestrado, y el rescate exigido es una cantidad de dinero similar a la que necesita para cerrar una importante negociación. Gondo está dispuesto a pagar el rescate hasta que comprende que los secuestradores se han equivocado y se han llevado al hijo del chófer. Ahora deberá decidir si el dinero es más importante que la vida del niño.';2;64
24;Psicosis;Terror;'Una joven secretaria, tras cometer un robo, se marcha de la ciudad y conduce durante horas, parando para descansar en un pequeño motel de carretera regentado por un joven llamado Norman. Todo parece normal y tranquilo en el apartado motel y en la casa de al lado en la que viven Norman y su madre pero, mientras está en la ducha, la joven es asesinada salvajemente a cuchilladas.';3;24
49;La ventana indiscreta;Thriller;'Un reportero fotográfico se ve obligado a permanecer en reposo con una pierna escayolada. A pesar de la compañía de su novia y de su enfermera, procura escapar al tedio, observando desde la ventana de su apartamento con unos prismáticos lo que ocurre en las viviendas de enfrente. Debido a una serie de extrañas circunstancias empieza a sospechar de un vecino cuya mujer ha desaparecido.';3;49
94;Una chica del siglo XX;Romántica;'Yeon-du le pide a su mejor amiga Bora que recopile toda la información que pueda sobre Baek Hyun-jin mientras ella está en los Estados Unidos para someterse a una cirugía de corazón. Bora decide acercarse primero al mejor amigo de Baek, Pung Woon-ho. Sin embargo, el torpe plan de Bora se desarrolla en una dirección inesperada. En 1999, un año antes del nuevo siglo, Bora, que cumple diecisiete años, cae en la fiebre del primer amor.';4;94
55;El crepúsculo de los dioses;Drama;'Joe Gillis es un joven escritor de segunda fila que, acosado por sus acreedores, se refugia casualmente en la mansión de Norma Desmond, antigua estrella del cine mudo, que vive fuera de la realidad, acompañada únicamente de su fiel criado Max. A partir de ese momento, la actriz pretende que Joe corrija un guión que ella ha escrito y que va a significar su regreso al cine.';5;55
36;Spider-Man: Un nuevo universo;Acción;'En un universo paralelo donde Peter Parker ha muerto, un joven de secundaria llamado Miles Morales es el nuevo Spider-Man. Sin embargo, cuando el líder mafioso Wilson Fisk construye el 'Super Colisionador' trae a una versión alternativa de Peter Parker que tratará de enseñar a Miles como ser un mejor Spider-Man. Pero no será el único Spider Man en entrar a este universo:  cuatro versiones alternativas buscan regresar a su universo antes de que toda la realidad se colapse.';6;36
9;Parásitos;Comedia;'Tanto Gi Taek como su familia están sin trabajo. Cuando su hijo mayor, Gi Woo, empieza a recibir clases particulares en casa de Park, las dos familias, que tienen mucho en común pese a pertenecer a dos mundos totalmente distintos, comienzan una interrelación de resultados imprevisibles.';7;9
54;El gran dictador;Comedia;'Un humilde barbero judío tiene un parecido asombroso con el dictador de la nación Tomania, que promete sacar adelante y que culpa a los judíos de la situación del país. El dictador ataca al país fronterizo, pero es confundido con el barbero por sus propios guardias, siendo ingresado en un campo de concentración. Simultáneamente, el pobre barbero es confundido con el dictador...';8;54
66;Tiempos modernos;Comedia;'Extenuado por el frenético ritmo de la cadena de montaje, un obrero metalúrgico acaba perdiendo la razón. Después de recuperarse en un hospital, sale y es encarcelado por participar en una manifestación en la que se encontraba por casualidad. En la cárcel, también sin pretenderlo, ayuda a controlar un motín, gracias a lo cual queda en libertad. Una vez fuera, reemprende la lucha por la supervivencia en compañía de una joven huérfana a la que conoce en la calle.';8;66
68;Luces de la ciudad;Comedia;'Un pobre vagabundo (Charles Chaplin) pasa mil y un avatares para conseguir dinero y ayudar a una pobre chica ciega (Virginia Cherill) de la que se ha enamorado.';8;68
65;El niño, el topo, el zorro y el caballo;Animación;'Sé testigo del improbable vínculo entre cuatro amigos mientras exploran el significado de la bondad, el valor y la esperanza.';9;65
90;Liga de la Justicia Oscura: La Guerra Apokolips;Animación;'Culminando seis años de una aventura que comenzó con el lanzamiento de Justice League: War en 2014, Justice League Dark: Apokolips War presenta un planeta Tierra totalmente devastado por el tirano intergaláctico Darkseid en el que los superhéroes apenas han podido hacer frente a la guerra. Los últimos bastiones de guerreros que aún quedan en pie deben reagruparse para crear una estrategia que les permita enfrentarse a Darkseid con el propósito de salvar al planeta y a sus pocos supervivientes. Esta es la guerra que acabará con todas las guerras.';10;90
8;El caballero oscuro;Drama;'Batman/Bruce Wayne regresa para continuar su guerra contra el crimen. Con la ayuda del teniente Jim Gordon y del Fiscal del Distrito Harvey Dent, Batman se propone destruir el crimen organizado en la ciudad de Gotham. El triunvirato demuestra su eficacia, pero, de repente, aparece Joker, un nuevo criminal que desencadena el caos y tiene aterrados a los ciudadanos.';11;8
27;Interstellar;Aventura;'Narra las aventuras de un grupo de exploradores que hacen uso de un agujero de gusano recientemente descubierto para superar las limitaciones de los viajes espaciales tripulados y vencer las inmensas distancias que tiene un viaje interestelar.';11;27
48;Origen;Acción;'Dom Cobb es un ladrón hábil, el mejor de todos, especializado en el peligroso arte de extracción: el robo de secretos valiosos desde las profundidades del subconsciente durante el estado de sueño cuando la mente está más vulnerable. Esta habilidad excepcional de Cobb le ha hecho un jugador codiciado en el traicionero nuevo mundo de espionaje corporativo, pero al mismo tiempo, le ha convertido en un fugitivo internacional y ha tenido que sacrificar todo que le importaba. Ahora a Cobb se le ofrece una oportunidad para redimirse. Con un último trabajo podría recuperar su vida anterior, pero solamente si logra lo imposible.';11;48
43;Whiplash;Drama;'El objetivo de Andrew Neiman, un joven y ambicioso baterista de jazz, es triunfar en el elitista Conservatorio de Música de la Costa Este en el que estudia. Marcado por el fracaso de la carrera literaria de su padre, Andrew alberga sueños de grandeza. Terence Fletcher, un profesor conocido tanto por su talento como por sus rigurosos métodos de enseñanza, dirige el mejor conjunto de jazz del Conservatorio. Cuando Fletcher elige a Andrew y para formar parte del conjunto musical que dirige, cambia para siempre la vida del joven. La pasión de Andrew por alcanzar la perfección se convierte en obsesión, al tiempo que su despiadado profesor lo lleva al límite de su capacidad y de su salud mental.';12;43
22;El club de la lucha;Drama;"'Un joven sin ilusiones lucha contra su insomnio, consecuencia quizás de su hastío por su gris y rutinaria vida. En un viaje en avión conoce a Tyler Durden, un carismático vendedor de jabón que sostiene una filosofía muy particular: el perfeccionismo es cosa de gentes débiles; en cambio, la autodestrucción es lo único que hace que realmente la vida merezca la pena. Ambos deciden entonces formar un club secreto de lucha donde descargar sus frustaciones y su ira que tendrá un éxito arrollador.'";13;22
47;Seven;Crimen;'El teniente Somerset, del departamento de homicidios, está a punto de jubilarse y ser reemplazado por el ambicioso y brillante detective David Mills. Ambos tendrán que colaborar en la resolución de una serie de asesinatos cometidos por un psicópata que toma como base la relación de los siete pecados capitales: gula, pereza, soberbia, avaricia, envidia, lujuria e ira. Los cuerpos de las víctimas, sobre los que el asesino se ensaña de manera impúdica, se convertirán para los policías en un enigma que les obligará a viajar al horror y la barbarie más absoluta.';13;47
73;Masacre (Ven y mira);Drama;'Película de encargo para celebrar el 40 aniversario de la victoria aliada en la Segunda Guerra Mundial. Relata, a través de los ojos de un niño progresivamente endurecido por el sufrimiento, la matanza sistemática de los habitantes de las aldeas bielorrusas, más de 600, durante la guerra.';14;73
26;Cosas imposibles;Familiar;'La vida es tan curiosa e impredecible que, a veces, uno encuentra la felicidad donde menos lo espera. Matilde es una mujer que, tras la muerte de su esposo –un hombre que abusó de ella constantemente–, encuentra a su nuevo gran amigo en Miguel, su vecino joven, inseguro, desorientado y hasta dealer..';15;26
100;El bazar de las sorpresas;Comedia;'Alfred Kralik es el tímido jefe de vendedores de Matuschek y Compañía, una tienda de Budapest. Todas las mañanas, los empleados esperan juntos la llegada de su jefe, Hugo Matuschek. A pesar de su timidez, Alfred responde al anuncio de un periódico y mantiene un romance por carta. Su jefe decide contratar a una tal Klara Novak en contra de la opinión de Alfred. En el trabajo, Alfred discute constantemente con ella, sin sospechar que es su corresponsal secreta.';16;100
93;Una mujer y tres hombres;Drama;'Amarga crónica de la historia de Italia, desde la posguerra hasta los años setenta, narrada a través de un grupo de amigos de izquierdas que se conocieron cuando en 1944 lucharon contra los nazis. Este retrato del idealismo, pero también de la inevitable pérdida de las ilusiones a causa del acomodamiento burgués, fue el primer éxito internacional del realizador italiano Ettore Scola.';17;93
23;Ciudad de Dios;Drama;'Basada en hechos reales, cuenta la historia del crecimiento del crimen organizado en los suburbios de la ciudad de Río de Janeiro, desde finales de los años sesenta hasta el comienzo de los ochenta, cuando el tráfico de drogas y la violencia impusieron su ley entre la miseria de las favelas.“Buscapé” tiene 11 años y es sólo un niño más en Cidade de Deus, un suburbio de Río de Janeiro. Tímido y delicado, observa a los niños duros de su barrio, sus robos, sus peleas, sus enfrentamientos diarios con la policía. Ya sabe lo que quiere ser si consigue sobrevivir: fotógrafo. “Dadinho”, un niño de su misma edad, se traslada al barrio. Sueña con ser el criminal más peligroso de Río de Janeiro y empieza su aprendizaje haciendo recados para los delincuentes locales. Dos vidas paralelas en Cidade de Deus.';18;23
2;El padrino;Drama;"'Don Vito Corleone, conocido dentro de los círculos del hampa como 'El Padrino', es el patriarca de una de las cinco familias que ejercen el mando de la Cosa Nostra en Nueva York en los años cuarenta. Don Corleone tiene cuatro hijos: una chica, Connie, y tres varones; Sonny, Michael y Fredo. Cuando el Padrino reclina intervenir en el negocio de estupefacientes, empieza una cruenta lucha de violentos episodios entre las distintas familias del crimen organizado.'";19;2
3;El padrino. Parte II;Drama;'Continuación de la saga de los Corleone con dos historias paralelas: la elección de Michael Corleone como jefe de los negocios familiares y los orígenes del patriarca, el ya fallecido Don Vito, primero en Sicilia y luego en Estados Unidos, donde, empezando desde abajo, llegó a ser un poderosísimo jefe de la mafia de Nueva York.';19;3
74;Apocalypse Now;Drama;'Durante la guerra de Vietnam, al joven Capitán Willard, un oficial de los servicios de inteligencia del ejército estadounidense, se le ha encomendado entrar en Camboya con la peligrosa misión de eliminar a Kurtz, un coronel renegado que se ha vuelto loco. El capitán deberá ir navegar por el río hasta el corazón de la selva, donde parece ser que Kurtz reina como un buda despótico sobre los miembros de la tribu Montagnard, que le adoran como a un dios.';19;74
80;¡Qué bello es vivir!;Drama;'Es la vigilia de Navidad en Bedford falls, NY, y George Bailey está planeando suicidarse. Pero un ángel es enviado para detenerle en su intento. Él le enseñará a George las cosas maravillosas de su juventud, cómo salvó la vida de su hermano y la de otros que, gracias a haber conocido a George, son felices. Así, nuestro amigo descubrirá que... ¡La vida es realmente un tesoro maravilloso que debemos disfrutar!';20;80
1;Cadena perpetua;Drama;'Acusado del asesinato de su mujer, Andrew Dufresne, tras ser condenado a cadena perpetua, es enviado a la prisión de Shawshank. Con el paso de los años conseguirá ganarse la confianza del director del centro y el respeto de sus compañeros presidiarios, especialmente de Red, el jefe de la mafia de los sobornos.';21;1
10;La milla verde;Fantasía;'En el sur de los Estados Unidos, en plena Depresión, Paul Edgecomb es un vigilante penitenciario a cargo de la Milla Verde, un pasillo que separa las celdas de los reclusos condenados a la silla eléctrica. Esperando su ejecución está John Coffey, un gigantesco negro acusado de asesinar brutalmente a dos hermanas de nueve años. Tras una personalidad ingenua, Coffey esconde un don sobrenatural prodigioso. A medida que transcurre la historia, Paul Edgecomb aprende que los milagros ocurren... incluso en los lugares más insospechados.';21;10
20;Cinema Paradiso;Drama;'En un pequeño pueblo siciliano durante los años previos a la llegada de la televisión (justo al finalizar la Segunda Guerra Mundial) el joven Toto vivía fascinado por el cine. Toto trata de entablar amistad con Alfredo, el proyeccionista del cine local, una persona muy irritable pero con un gran corazón. Todos estos hechos se presentan en forma de nostálgicos recuerdos de Toto que ha crecido hasta convertirse en un cineasta de éxito, y que revive a su infancia cuando recibe la noticia de que Alfredo ha muerto.';22;20
83;La leyenda del pianista en el océano;Drama;"'Historia de un niño que fue abandonado sobre el piano del Virginia, un enorme trasatlántico. El niño es adoptado por un maquinista y le pone por nombre ""Novecento"", ya que lo encuentra justo en el cambio de siglo. Novecento se convertirá en un fabuloso pianista y amenizará las noches del Virginia. Pero nunca pisará tierra firme, ni tan sólo tras las súplicas de su amigo Max.'";22;83
37;O Auto da Compadecida;Comedia;'En el interior del estado de Paríba, en el pueblo de Taperoá, viven João Grilo y Chicó, dos tipos muy pobres que van anunciando por las calles la mejor película del mundo, 'La Pasión de Cristo'. La sesión tiene éxito y ellos ganan algo de dinero pero siguen luchando por la supervivencia. João Grilo y Chicó planean nuevas tretas para conseguir algún dinero y se enfrentan a numeroso desafíos provocando múltiples confusiones causadas por la astucia de João Grilo, siempre acompañado de Chicó.';23;37
97;Guardianes de la Noche: Tren infinito;Acción;'Tanjiro y sus compañeros se unen al Pilar de las Llamas Kyojuro Rengoku para investigar una misteriosa serie de desapariciones que han ocurrido dentro del “Tren Infinito”. Poco saben que Enmu, uno de los miembros de las Doce Lunas Demoníacas, también está a bordo y les ha preparado una trampa.';24;97
7;El viaje de Chihiro;Animación;'Durante el traslado de su familia a los suburbios, una niña de 10 años de edad deambula por un mundo gobernado por dioses, brujas y espíritus, y donde los humanos se convierten en bestias.';25;7
35;El castillo ambulante;Fantasía;'Sophie es una joven de 18 años que trabaja sin descanso en la tienda de sombreros de la familia. En uno de sus frecuentes paseos conoce al enigmático mago Howl, lo que despierta la ira de la Bruja del Páramo, que odia a Howl con todas sus fuerzas. Cuando Sophie vuelve a la tienda, la Bruja se hace pasar por una clienta para acercarse a ella y lanzarle un hechizo… ¡que convierte a Sophie en una anciana de 90 años! Sophie, que no puede revelar su auténtica identidad, recurre a Howl para buscar una solución a su problema. Para ello se embarca en un viaje fantástico en el castillo ambulante del mago, habitado por personajes de lo más curioso. Sophie necesita ayuda pero quizás sea Howl el que realmente está en apuros.';25;35
53;La princesa Mononoke;Aventura;'Tras sufrir el ataque de un monstruoso jabalí maldito, el joven Ashitaka emprende el camino en busca de la cura que detenga la infección. Mientras, los humanos están acabando con los bosques y los dioses convertidos en temibles bestias hacen todo lo posible por protegerlo encabezados por Mononoke, una princesa guerrera. Ashikata deberá escoger bando y decidir si ayudar a los hombres o las deidades intentando detener la maldición de su herida que se extiende por su cuerpo sin cuartel.';25;53
81;Given: The Movie;Animación;'Después de la emisión del episodio final de la adaptación de anime de Given, la cuenta oficial de Twitter anunció que se lanzará una adaptación de largometraje en 2020, retomando directamente donde se detuvo la serie de televisión.  La historia se centra en Ritsuka, un guitarrista que ha perdido el interés por tocar. Un día, conoce a Mafuyu, que tiene una guitarra rota, y Ritsuka de mala gana comienza a enseñarle a Mafuyu a tocar la guitarra, pero cuando escucha la voz de Mafuyu, las cosas comienzan a cambiar de repente para Ritsuka.';26;81
78;La mujer de la arena;Drama;'Un entomólogo en busca de insectos en un desierto de arena se ve de repente atrapado conviviendo con una mujer que vive sola en una vieja casa, y con la que establecerá una extraña relación.';27;78
39;El imperio contraataca;Aventura;'Tras un ataque sorpresa de las tropas imperiales a las bases camufladas de la alianza rebelde, Luke Skywalker, en compañía de R2D2, parte hacia el planeta Dagobah en busca de Yoda, el último maestro Jedi, para que le enseñe los secretos de la Fuerza. Mientras, Han Solo, la princesa Leia, Chewbacca, y C3PO esquivan a las fuerzas imperiales y piden refugio al antiguo propietario del Halcón Milenario, Lando Calrissian, en la ciudad minera de Bespin, donde les prepara una trampa urdida por Darth Vader.';28;39
18;La tumba de las luciérnagas;Animación;'Verano de 1945. La aviación estadounidense somete las ciudades japonesas a continuos ataques aéreos. En uno de ellos, una incursión con bombas incendiarias convierte la ciudad de Kōbe en un infierno humeante, para los dos protagonistas (Seita, de 14 años, y su hermanita Setsuko, de 5). El joven Seita y su pequeña hermana Setsuko son hijos de un oficial de la marina japonesa. Durante la Segunda Guerra Mundial, ambos viven con su madre, pero un día, tras un bombardeo, ellos se retrasan y no consiguen llegar al búnker donde ella los espera.';29;18
67;La Evasión;Drama;'Francia, 1947. Gaspard Claude ha sido acusado del intento de asesinato de su mujer, pero es inocente. Una vez en la cárcel, comparte celda con cuatro duros criminales que han decidido escapar de la prisión construyendo un laborioso túnel. A duras penas, convencen al joven para que se una al plan de fuga y participe en la construcción del túnel.';30;67
84;Vengadores: Endgame;Aventura;"'Después de los eventos devastadores de 'Vengadores: Infinity War', el universo está en ruinas debido a las acciones de Thanos. Con la ayuda de los aliados que quedaron, los Vengadores deberán reunirse una vez más para intentar deshacer sus acciones y restaurar el orden en el universo de una vez por todas, sin importar cuáles sean las consecuencias... Cuarta y última entrega de la saga ""Vengadores"".'";31;84
89;Vengadores: Infinity War;Aventura;'El todopoderoso Thanos ha despertado con la promesa de arrasar con todo a su paso, portando el Guantelete del Infinito, que le confiere un poder incalculable. Los únicos capaces de pararle los pies son los Vengadores y el resto de superhéroes de la galaxia, que deberán estar dispuestos a sacrificarlo todo por un bien mayor. Capitán América e Ironman deberán limar sus diferencias, Black Panther apoyará con sus tropas desde Wakanda, Thor y los Guardianes de la Galaxia e incluso Spider-Man se unirán antes de que los planes de devastación y ruina pongan fin al universo. ¿Serán capaces de frenar el avance del titán del caos?';31;89
92;El Gato con Botas: El último deseo;Aventura;'El Gato con Botas se embarca en un viaje épico para encontrar al mítico Último Deseo y recuperar sus nueve vidas.';32;92
52;El silencio de los corderos;Crimen;'El FBI busca a 'Buffalo Bill', un asesino en serie que mata a sus víctimas, todas adolescentes, después de prepararlas minuciosamente y arrancarles la piel. Para poder atraparlo recurren a Clarice Starling, una brillante licenciada universitaria, experta en conductas psicópatas, que aspira a formar parte del FBI. Siguiendo las instrucciones de su jefe, Jack Crawford, Clarice visita la cárcel de alta seguridad donde el gobierno mantiene encerrado a Hannibal Lecter, antiguo psicoanalista y asesino, dotado de una inteligencia superior a la normal. Su misión será intentar sacarle información sobre los patrones de conducta de 'Buffalo Bill'.';33;52
57;Dedicada A Mi Ex;Drama;'La película cuenta la historia de Ariel, un joven de 21 años que decide formar una banda de rock para competir por un premio de diez mil dólares en un concurso de bandas musicales, esta es la última opción cuando intenta obtener dinero para salvar su relación. y se reúne con su ex novia, que se rompe debido al viaje que debe hacer a Finlandia para una pasantía. Ariel con su amiga Ortega, decide hacer un casting para encontrar a los otros miembros de la banda, aunque no saben nada de música, formando así una banda con miembros que tienen personalidades diversas y opuestas.';34;57
77;A dos metros de ti;Romántica;'Will y Stella son dos adolescentes que padecen fibrosis quística y están ingresados en el hospital para tratarse. Aunque ambos tratan de refugiarse en su propio mundo, de forma inevitable acaban enamorándose. La pareja deberá luchar para mantener viva su relación, con una única regla: separarse con una distancia de alrededor de dos metros para evitar que ambos se puedan contagiar. Sin embargo, la vida de ambos estará en peligro.';35;77
87;Clouds;Musical;'En esta inspiradora historia basada en hechos reales, el joven músico Zach Sobiech descubre que su cáncer se ha extendido y que le quedan pocos meses de vida. A pesar de eso, decide cumplir su sueño de grabar un álbum, sin saber que pronto se convertirá en un fenómeno viral. Al final, la música le da un nuevo sentido a la vida de Zach y le ayuda a despedirse de todos... con una canción que acabará escuchándose en todo el mundo.';35;87
85;Evangelion: 3.0+1.0 Thrice Upon a Time;Animación;'La cuarta y última entrega de Rebuild of Evangelion. Misato y su grupo anti-NERV Wille llegan a París, una ciudad roja por la coreización. La tripulación del Wunder aterriza en una torre de contención. Tienen 720 segundos para restaurar la ciudad. Cuando aparece una horda de NERV Evas, la Unidad 8 del Eva mejorado de Mari debe interceptarla. Shinji, Asuka y Rei deambulan por Japón.';36;85
58;Neon Genesis Evangelion: The End of Evangelion;Animación;"'Segunda de las 2 películas, ""Neon Genesis Evangelion: Death & Rebirth"", que trataban de dar un cierre a la altura de la serie Neon Genesis Evangelion, pues terminó de una forma críptica y hermética con su último capítulo 26, duramente criticado. La segunda parte, ""Rebirth"",  duraba 27 minutos y trataba los capítulos 25 y 26. Se estrenó en cines en 1997 y fue todo un éxito de taquilla en Japón. Y aún así, supo a poco, así que se reinterpretaron y reeditaron de nuevo esos dos episodios en una nueva película llamada The End of Evangelion que duraba hora y media y daba a toda la historia un final aún más oscuro.'";37;58
45;Spider-Man: Cruzando el Multiverso;Animación;'Tras reencontrarse con Gwen Stacy, el amigable vecindario de Spider-Man de Brooklyn al completo es catapultado a través del Multiverso, donde se encuentra con un equipo de Spidermans encargados de proteger su propia existencia. Pero cuando los héroes se enfrentan sobre cómo manejar una nueva amenaza, Miles se encuentra enfrentado a las otras Arañas y debe redefinir lo que significa ser un héroe para poder salvar a la gente que más quiere.';38;45
56;Josee, el tigre y los peces;Animación;'Tsuneo es un estudiante que trabaja medio tiempo en un salón de Mah-Jong. Últimamente, los clientes hablan de una anciana que empuja una misteriosa carreola en las calles. Un día, descubre que es una joven parapléjica llamada Kumiko quien está allí y que se hace llamar Josee en referencia a su libro favorito. Entre ellos se desarrolla una amistad que poco a poco se convierte en amor.';39;56
69;Perfect Blue;Animación;'Tras años siendo una ídolo juvenil que forma parte del exitoso trío musical CHAM!, Mima Kirigoe decide abandonar el grupo para perseguir su sueño de convertirse en actriz. Alentada por su entorno, decide romper con su imagen de niña buena y acepta un papel en una serie policíaca subida de tono, lo que provoca la ira de muchos de sus fans. Pronto descubre que alguien está escribiendo un blog en internet en el que explica detalles íntimos sobre su vida y además su misterioso acosador pasa a la acción amenazando a sus seres queridos. Mientras los cadáveres comienzan a acumularse a su alrededor, la realidad y las alucinaciones se mezclan en un mundo terrorífico en el que no hay lugar para la inocencia y los sueños se convierten en pesadillas.';40;69
38;So Won;Drama;'Una niña llamada So Won se convierte en víctima de la violencia. Su familia pasa por la desesperación y el dolor al intentar abrir otra puerta en su vida.';41;38
62;El profesional (Léon);Crimen;'Stan es un corrupto agente de la DEA cuya codicia le lleva a cometer asesinatos en las calles de Nueva York. El mortal juego del gato y el ratón empieza cuando se cruza en su camino un solitario hombre, llamado León. León es asesino a sueldo, un personaje indestructible e indocumentado, que sólo bebe leche y se ocupa de sus plantas. En medio se encuentra una huerfanita de 12 años, que no puede olvidar al hombre que asesinó a su familia.';42;62
11;Your Name;Romántica;'Taki y Mitsuha descubren un día que durante el sueño sus cuerpos se intercambian, y comienzan a comunicarse por medio de notas. A medida que consiguen superar torpemente un reto tras otro, se va creando entre los dos un vínculo que poco a poco se convierte en algo más romántico.';43;11
16;Uno de los nuestros;Drama;'Henry, un niño de trece años de Brooklyn, vive fascinado con el mundo de los gángsters. Su sueño se hace realidad cuando entra a formar parte de la familia Pauline, dueña absoluta de la zona, que lo educan como un miembro más de la banda convirtiéndole en un destacado mafioso.';44;16
44;Harakiri;Acción;'Un samurái pide permiso para practicarse el Seppuku (o Harakiri), ceremonia durante la cual se quitará la vida abriéndose el estómago al tiempo que otro samurái lo decapitará. Solicita también poder contar la historia que le ha llevado a tomar tan trágica decisión.';45;44
46;Las Quintillizas: La Película;Animación;'Como tutor a tiempo parcial, a Fuutarou se le asigna la tarea de guiar a las cinco hermosas chicas, que están “a punto de suspender” y “odian los estudios”, hasta la “graduación”. Fuutarou se esfuerza por preparar el festival escolar mientras vigila los estudios de Ichika, que ha decidido tomarse una licencia para concentrarse en la actuación, y Yotsuba está aún más decidida que de costumbre a que sea un festival escolar sin remordimientos.  Fuutarou se siente animado por la decisión de Itsuki de no rendirse, y busca respuestas a los sentimientos de Nino, la determinación de Miku y sus sentimientos por Ichika, Yotsuba e Itsuki. Con cada uno de ellos con sus propios pensamientos y sentimientos, el primer día del festival escolar, el último evento de su vida en el instituto, finalmente comenzó. “Ven al salón de clases a las 15:00, el primer día del festival escolar”. Las quintillizas se reúnen en el aula y Fuutarou finalmente les informa que tomará una decisión…';46;46
79;Milagro en la celda 7;Drama;'Un hombre con discapacidad intelectual es injustamente encarcelado por la muerte de una niña, y debe demostrar su inocencia para poder estar de nuevo con su hija.';47;79
30;Alguien voló sobre el nido del cuco;Drama;'Randle McMurphy (Jack Nicholson), un violador de espíritu libre, que vive contracorriente, es recluido en un hospital psiquiátrico. La inflexible disciplina del centro acentúa su contagiosa tendencia al desorden, que acabará desencadenando una guerra entre los pacientes y el personal de la clínica con la fría y severa enfermera Ratched (Louise Fletcher) a la cabeza. La suerte de cada paciente del pabellón está en juego.';48;30
70;Toda una vida en un año;Drama;'Sigue a Daryn, un adolescente de 17 años que tras descubrir que su novia se está muriendo, decide entregarse por completo a ella en lo que le reste de vida.';49;70
32;La leyenda de Hei;Animación;'Durante generaciones, los humanos han creído que los demonios eran leyendas, sin saber que realmente coexisten con nosotros. Hei es un gato demonio que ha vivido siempre feliz en los bosques de las montañas, hasta que la expansión de la ciudad acaba destruyendo su propio hogar. En ese momento, Hei comienza a vagar por el mundo buscando un nuevo lugar en el que cobijarse.  Una película precuela de la serie web Luo Xiao Hei Zhan Ji. Los espectadores descubrirán cómo Xiao Hei obtuvo el apellido Luo. También se espera que el episodio 28 de la serie sea lanzado justo antes de que la película se transmita en los cines después de un paréntesis de 2 años.';50;32
41;A Silent Voice;Animación;'La historia gira en torno a Shōko Nishimiya, una estudiante de primaria que es sorda de nacimiento y que al cambiarse de colegio comienza a recibir acoso escolar por parte de sus nuevos compañeros. Uno de los principales responsables es Shōya Ishida quien termina por forzar que Nishimiya se cambie de escuela. Como resultado de los actos contra Shoko las autoridades del colegio toman cartas en el asunto y el curso señala como único responsable a Ishida, quien comienza a sentir el acoso impuesto por sus propios compañeros, al mismo tiempo que termina aislándose de los que alguna vez fueron sus amigos. Años después, Ishida intenta corregir su mal actuar, buscando la redención frente a Nishimiya.';51;41
75;Intocable;Drama;'Philippe, un aristócrata que se ha quedado tetrapléjico a causa de un accidente de parapente, contrata como cuidador a domicilio a Driss, un inmigrante de un barrio marginal recién salido de la cárcel. Aunque, a primera vista, no parece la persona más indicada, los dos acaban logrando que convivan Vivaldi y Earth Wind and Fire, la elocuencia y la hilaridad, los trajes de etiqueta y el chándal. Dos mundos enfrentados que, poco a poco, congenian hasta forjar una amistad tan disparatada, divertida y sólida como inesperada, una relación única en su especie de la que saltan chispas.';52;75
61;Siempre nos quedará mañana;Comedia;'Es primavera y toda la familia está alborotada por el inminente compromiso de la querida hija mayor, Marcella, quien, por su parte, sólo espera casarse rápidamente con un simpático chico de clase media, Giulio, y librarse por fin de esa incómoda familia.';53;61
82;Oldboy: Cinco días para vengarse;Drama;"'Min-sik Choi es un hombre de negocios coreano que un día es secuestrado y confinado durante años en una celda en la que sólo hay una televisión. Y, sin embargo, ignora por qué razón está allí... Es la segunda parte de la ""trilogía de la venganza"" de Chan-wook Park.'";54;82
99;La doncella;Thriller;'Corea, década de 1930, durante la colonización japonesa. Una joven llamada Sookee es contratada como doncella de una rica mujer japonesa, Hideko, que vive recluida en una gran mansión bajo la influencia de un tirano. Sookee guarda un secreto y con la ayuda de un estafador que se hace pasar por un conde japonés, planea algo para Hideko.';54;99
21;Taylor Swift: Gira de estadios Reputation;Musical;'Taylor Swift se sube al escenario en Dallas durante su Reputation Stadium Tour y festeja una gran noche de música, recuerdos y magia visual.';55;21
96;Green Book;Drama;"'Años 60. Cuando Tony Lip, un rudo italoamericano del Bronx, es contratado como chófer del virtuoso pianista negro Don Shirley durante una gira de conciertos por el Sur de Estados Unidos, deberá confiar en ""El libro verde"", una guía de los pocos establecimientos seguros para los afroamericanos, para encontrar alojamiento. Son dos personas que tendrán que hacer frente al racismo y los prejuicios, pero a las que la bondad y el sentido del humor unirán, obligándoles a dejar de lado las diferencias para sobrevivir y prosperar en el viaje de su vida.'";56;96
13;El señor de los anillos: El retorno del rey;Aventura;'Las fuerzas de Saruman han sido destruidas, y su fortaleza sitiada. Ha llegado el momento de que se decida el destino de la Tierra Media, y por primera vez en mucho tiempo, parece que hay una pequeña esperanza. La atención del señor oscuro Sauron se centra ahora en Gondor, el último reducto de los hombres, y del cual Aragorn tendrá que reclamar el trono para ocupar su puesto de rey. Pero las fuerzas de Sauron ya se preparan para lanzar el último y definitivo ataque contra el reino de Gondor, la batalla que decidirá el destino de todos. Mientras tanto, Frodo y Sam continuan su camino hacia Mordor, a la espera de que Sauron no repare en que dos pequeños Hobbits se acercan cada día más al final de su camino, el Monte del Destino.';57;13
33;El señor de los anillos: La comunidad del anillo;Aventura;'En la Tierra Media, el Señor Oscuro Saurón creó los Grandes Anillos de Poder, forjados por los herreros Elfos. Tres para los reyes Elfos, siete para los Señores Enanos, y nueve para los Hombres Mortales. Secretamente, Saurón también forjó un anillo maestro, el Anillo Único, que contiene en sí el poder para esclavizar a toda la Tierra Media. Con la ayuda de un grupo de amigos y de valientes aliados, Frodo emprende un peligroso viaje con la misión de destruir el Anillo Único. Pero el Señor Oscuro Sauron, quien creara el Anillo, envía a sus servidores para perseguir al grupo. Si Sauron lograra recuperar el Anillo, sería el final de la Tierra Media.';57;33
40;El señor de los anillos: Las dos torres;Aventura;'La Compañía del Anillo se ha disuelto. El portador del anillo Frodo y su fiel amigo Sam se dirigen hacia Mordor para destruir el Anillo Único y acabar con el poder de Sauron. Mientras, y tras la dura batalla contra los orcos donde cayó Boromir, el hombre Aragorn, el elfo Legolas y el enano Gimli intentan rescatar a los medianos Merry y Pipin, secuestrados por los ogros de Mordor. Por su parte, Saurón y el traidor Sarumán continúan con sus planes en Mordor, en espera de la guerra contra las razas libres de la Tierra Media.';57;40
59;El club de los poetas muertos;Drama;"'En un elitista y estricto colegio privado de Nueva Inglaterra, un grupo de alumnos descubrirá la poesía, el significado de ""Carpe Diem"" -aprovechar el momento- y la importancia de perseguir los sueños, gracias a un excéntrico profesor que despierta sus mentes por medio de métodos poco convencionales.'";58;59
12;Pulp Fiction;Thriller;'Jules y Vincent, dos asesinos a sueldo con muy pocas luces, trabajan para Marsellus Wallace. Vincent le confiesa a Jules que Marsellus le ha pedido que cuide de Mia, su mujer. Jules le recomienda prudencia porque es muy peligroso sobrepasarse con la novia del jefe. Cuando llega la hora de trabajar, ambos deben ponerse manos a la obra. Su misión: recuperar un misterioso maletín.';59;12
86;El rey león;Familiar;'La sabana africana es el escenario en el que tienen lugar las aventuras de Simba, un pequeño león que es el heredero del trono. Sin embargo, se ve forzado a exiliarse al ser injustamente acusado de la muerte de su padre. Durante su destierro, hará buenas amistades y, finalmente, regresará para recuperar lo que legítimamente le corresponde.';60;86
14;Forrest Gump;Comedia;'Forrest Gump es un chico con deficiencias mentales no muy profundas y con alguna incapacidad motora que, a pesar de todo, llegará a convertirse, entre otras cosas, en un héroe durante la Guerra del Vietnam. Su persistencia y bondad le llevarán a conseguir una gran fortuna, ser objeto del clamor popular y a codearse con las más altas esferas sociales y políticas del país. Siempre sin olvidar a Jenny, su gran amor desde que era niño.';61;14
60;Regreso al futuro;Aventura;'Marty McFly, un estudiante de secundaria de 17 años, es enviado accidentalmente treinta años al pasado en un DeLorean que viaja en el tiempo, inventado por su gran amigo, el excéntrico científico Doc Brown.';61;60
19;La vida es bella;Comedia;'En 1939, a punto de estallar la Segunda Guerra Mundial (1939-1945), el extravagante Guido llega a Arezzo, en la Toscana, con la intención de abrir una librería. Allí conoce a la encantadora Dora y, a pesar de que es la prometida del fascista Rodolfo, se casa con ella y tiene un hijo. Al estallar la guerra, los tres son internados en un campo de exterminio, donde Guido hará lo imposible para hacer creer a su hijo que la terrible situación que están padeciendo es tan sólo un juego.';62;19
42;El pianista;Drama;'Varsovia, 1939. El pianista polaco de origen judío Wladyslaw Szpilman (Adrien Brody) interpreta un tema de Chopin en la radio nacional de Polonia mientras la aviación alemana bombardea la capital. El régimen nazi ha invadido el país, y como hace en otros países invadidos, lleva a cabo la misma política con respecto a los judíos. Así Szpilman y toda su familia -sus padres, su hermano y sus dos hermanas- se ven obligados a dejar su casa y todo lo que les pertenece para trasladarse con miles de personas de origen judío al ghetto de Varsovia. Mientras Wladyslaw trabaja como pianista en un restaurante propiedad de un judío que colabora con los nazis, su hermano Henryk (Ed Stoppard) prefiere luchar contra los nazis. Pero tres años más tarde, los habitantes del ghetto son trasladados en trenes hacia campos de concentración.';63;42
15;El bueno, el feo y el malo;Western;'Durante la Guerra de Secesión, tres cazadores de recompensas se lanzan a la búsqueda de un tesoro que ninguno de los tres truhanes puede localizar sin la ayuda de los otros dos. Tuco sabe que el tesoro se encuentra en un cementerio, mientras que Joe conoce el nombre inscrito en la tumba que lo esconde. Mientras tanto, Sentenza no duda en matar a mujeres y niños para conseguir su meta. De esta forma, los tres hombres colaboran en apariencia, pero al final intentarán eliminarse mutuamente.';64;15
28;Érase una vez en América;Drama;"'David Aaronson ""Noodles"", un pobre joven judío, conoce en los suburbios de principios del siglo XX de Manhattan, Nueva York, a Maximilian Bercovicz ""Max"", otro joven de origen hebreo dispuesto a llegar lejos por cualquier método. Entablan una gran amistad y forman, con los 3 colegas de ""Noodles"", Patrick Goldberg ""Patsy"", Philip Stein ""Cockeye"", y Dominic una banda que prospera rápidamente. Desgraciadamente, son perseguidos por Bugsy, el tipo para el que Noodles y sus amigos trabajaban anteriormente, y en uno de sus asaltos, mata a Dominic. Rápidamente Noodles se tira encima suyo y le mata, por lo que pasará 12 años en prisión. Cuando Noodles sale de prisión le recibe Max, que sigue con su banda junto a los otros 2 amigos, Patsy y Cockeye. Rápidamente, entre los 4, llegan a convertirse, en tiempos de la prohibición, en unos de los mayores gánsteres de todo el país.'";64;28
72;Hasta que llegó su hora;Drama;'Mientras los constructores del ferrocarril avanzan imparables por el desierto de Arizona en su camino hacia el mar, Jill llega al pequeño pueblo de Flagstone con la intención de empezar una nueva vida.';64;72
88;Klaus;Animación;'Cuando Jesper se distingue como el peor estudiante de la Academia Postal, es enviado a Smeerensburg, un pequeño pueblo situado en una isla helada cercana al Círculo Polar Ártico, donde los gruñones habitantes apenas intercambian palabras… y mucho menos cartas. Jesper está a punto de rendirse y abandonar sus deberes como cartero cuando conoce a la profesora local, Alva, y a Klaus, un misterioso carpintero que vive solo en una cabaña llena de juguetes hechos a mano.';65;88
95;Quiero comerme tu páncreas;Animación;'Un protagonista anónimo encuentra un diario en un hospital. El diario pertenece a su compañera de clase, una niña llamada Sakura Yamauchi, quien se revela que padece una enfermedad terminal en el páncreas y que solo le quedan unos pocos meses de vida. Sakura explica que la protagonista es la única persona aparte de su familia que conoce su condición. El protagonista promete mantener el secreto de Sakura. A pesar de sus personalidades completamente opuestas, la protagonista decide estar junto a Sakura durante sus últimos meses.';66;95
29;En la misma clase;Romántica;'Sajô y Kusakabe son más o menos igual de altos, tienen la misma edad y van a la misma clase. Por lo demás, no puede decirse que tengan mucho en común. Kusakabe, de carácter inquieto y despreocupado, toca en un grupo de rock con sus amigos y deja pasar los días sin pensar mucho en el futuro. Sajô, en cambio, es un alumno modélico que no termina de encajar en ese instituto de macarras, al que nadie sabe muy bien cómo fue a parar. Un día, Kusakabe se da cuenta de que su compañero no canta en los ensayos del coro para intentar disimular su falta de oído musical, así que se ofrece a darle unas lecciones. Entre refrescos compartidos bajo el sol de verano, nace entre ellos un amor de adolescencia que crecerá con el devenir de las estaciones. De la mano, compartiendo sinsabores y alegrías, ambos se encaminarán hacia el final de sus días de instituto y el comienzo de la vida adulta.';67;29
5;12 hombres sin piedad;Drama;'Tras escuchar todos los testimonios y valorar las pruebas presentadas, un jurado popular compuesto por doce hombres tiene que decidir, por unanimidad, si absuelve o condena a muerte a un joven acusado de haber matado a su padre. Al principio, once están completamente convencidos de su culpabilidad y se inclinan por la condena, pero el que discrepa empieza a plantear dudas razonables que, poco a poco, van resquebrajando la inicial seguridad de los demás.';68;5
98;Seishun Buta Yarou wa Yumemiru Shoujo no Yume wo Minai;Animación;'En Fujisawa, donde los cielos son brillantes y los mares brillan, Sakuta Azusagawa está en su segundo año de secundaria. Sus días felices con su novia y estudiante de último año, Mai Sakurajima, se ven interrumpidos con la aparición de su primer amor, Shouko Makinohara. Por razones desconocidas, se encuentra con dos Shouko: una en la escuela secundaria y otra que se ha convertido en una adulta.  Cuando Sakuta se encuentra impotente viviendo con las dos Shouko, la versión adulta causa una gran grieta en su relación con Mai.  En medio de todo esto, descubre que la otra Shouko de escuela secundaria sufre de una enfermedad grave y su cicatriz comienza a latir ...';69;98
76;Senderos de gloria;Drama;'Primera Guerra Mundial (1914-1918). En 1916, en Francia, el general Boulard ordena la conquista de una inexpugnable posición alemana y encarga esa misión al ambicioso general Mireau. El encargado de dirigir el ataque será el coronel Dax. La toma de la colina resulta un infierno, y el regimiento emprende la retirada hacia las trincheras. El alto mando militar, irritado por la derrota, decide imponer al regimiento un terrible castigo que sirva de ejemplo a los demás soldados.';70;76
4;La lista de Schindler;Drama;'Oskar Schindler, un hombre de enorme astucia y talento para las relaciones públicas, organiza un ambicioso plan para ganarse la simpatía de los nazis. Después de la invasión de Polonia por los alemanes, consigue, gracias a sus relaciones con los nazis, la propiedad de una fábrica de Cracovia. Allí emplea a cientos de operarios judíos, cuya explotación le hace prosperar rápidamente. Su gerente, también judío, es el verdadero director en la sombra, pues Schindler no tiene el menor conocimiento industrial.';71;4
71;Violet Evergarden: La película;Animación;'La historia se retoma desde los últimos hechos acontecidos en la serie. Violet sigue trabajando como muñeca sin olvidar a Gilbert. En su camino se cruza Ulysse Yurith, un niño enfermo que le pide a la muñeca que redacte cartas de despedida para su familia. Además, Violet se topa con una carta que cambiará el destino de su vida. ¿Podría Gilbert haberse salvado y seguir vivo en algún lugar?';72;71
50;En el bosque de la luz de las luciérnagas;Romántica;'Cuando era pequeña, Hotaru se perdió en el bosque cerca del lugar donde va todos los veranos, la casa de su tío. Allí tuvo un extraño encuentro con Gin que la ayuda a encontrar el camino de vuelta. Gin es un joven que lleva una máscara blanca y que, debido a un hechizo, no puede ser tocado por ningún humano. Ella empieza a visitarlo todos los veranos según va creciendo, mientras espera la llegada del verano, para que su tiempo juntos continúe.';73;50
51;American History X;Drama;'Derek (Edward Norton) es un joven californiano que se convierte en el líder de una banda de neonazis tras el asesinato de su padre. Su hermano pequeño, Danny, le admira y sigue sus pasos de odio y violencia. Cuando Derek mata a dos ladrones negros, es condenado a tres años de cárcel, donde cambia su forma de pensar al conocer a otros presos. Al salir, intenta alejar a Danny del racismo y la delincuencia, pero se encuentra con la resistencia de sus antiguos compañeros y las consecuencias de su pasado.';74;51
25;Gabriel's Inferno;Romántica;'El enigmático y atractivo profesor Gabriel Emerson, reconocido especialista en Dante, es un hombre torturado por su pasado y orgulloso del prestigio que ha conseguido, aunque también es consciente de que es un imán para el pecado y, en especial, para la lujuria.';75;25
31;Gabriel's Inferno: Part II;Romántica;'Basado en la novela más vendida de Sylvain Reynard, el profesor Gabriel Emerson se ha embarcado en un apasionado pero clandestino romance con su antigua alumna, Julia Mitchell.';75;31
34;El infierno de Gabriel Parte 3;Romántica;'';75;34
91;Mommy;Drama;'Una madre viuda se encarga de la educación de su violento hijo sola. Pero cuando parecía que todo estaba perdido, un soplo de esperanza llega al conocer a su misteriosa nueva vecina: una mujer que se integra ella misma en la vida de la madre y su hijo propocionando a la madre el apoyo que anhelaba.';76;91